,yhm
0,46fIlDhSlQKcTAvjAZQv
1,5x3odZa9fssMucSnPkDL
2,HqektVGB14TkI6ycb855
3,7Al16jBSPPadthNA8sgf
4,GlV8t8N4rWSZidC6aojq
5,farAq0UhDFvd9RjPTbNV
6,TGgNVEq7cZEKMeVkO3oE
7,neLHGvlENo0laAGuo8nX
8,iNh2y5t7Pulz9K8f7qki
9,iWUTf1ib4wxl6dfnUdfh
10,dP6ZRlcKL61Oy47CaAkv
11,xAfqMhqjYeBfVzUYv5Vq
12,IxifP4Je8tybk8FPVMgo
13,tJhMw3ON9sovMJqlarVm
14,jh4ClG6rsWtpVjcMZfRI
15,rMROGjEozghryvlmEvMF
16,riTfj4sFica15SkqdNAa
17,9bXzYMCHP8fN8HczAaDr
18,u6s9y0xajyLHGNr8RFxb
19,oDRL18OvLhcE4ngyj1vP
20,sg7GvO6dqgs6Ponmeuhz
21,bxoEh103jCXe3cBlboFg
22,KcXlsKcq0585vuguEcEB
23,ZbUa4S8lFhlSdyudJS6Q
24,h8CNXnfQswsjJggYhzdf
25,gdataBEuU9jHJalxQw9y
26,aieFXcxNnzxJfSVtmtgb
27,KESaseq5qeAQUsTN3Pgy
28,I4eKwDL7WukzljziCWPj
29,bqwpt63a7QwVYRCmUwye
30,j9lQS2SfGPFzJM5LLhdq
31,S0Caq0nsk0CopDjvg6tH
32,qQjjsOPrdsA9yhlyUXz8
33,UfAkaIQ5nZT6RpUXSuVM
34,ue8gJZtcUzhKReTumjoT
35,gFhs5hmzWRtIueOekKWh
36,j3shkG2iHNHfut3PSAyN
37,gXIfXk05zA5bmNM7TRwd
38,Byu8Mlwsa8HrlwIfkjdj
39,rIXK71FpFpyQhqBQi57m
40,rYoKHaRskBesVhmh514v
41,tm6zMMNtqIgsSlmtjWIq
42,gmMkalpIjgGS9fSNip2O
43,iZMtht0O1ZYRkhCOp5mA
44,o2hswgOgEHi7MSkAdG0d
45,5lLerjQthZ9nvKjjhXFG
46,bDM4V64DAY315EHdEA2j
47,K4EjslXxdlF57DDeZ5zp
48,pgUxeJPeTix7Eho86gEX
49,KwRtXOWp08wjsl3loZkU
50,16Hi6Nf1WhjMEVG8yGor
51,Xlaz6BfVhB4qhjar493C
52,Fmn8OAEXkDL5sHkWm7f6
53,ljxciHGLB47zuSgwZpNW
54,XmjSxtLljg9cGwG2sTFk
55,SJm07ZuKekTu31tcea5t
56,sJAdgqMv1EasmvIdwGQy
57,N4QNgBf1wehJMjIdHyZL
58,Agl1Eakiq9uSiQOkqLlC
59,9Gyd8enoPTyGh8kRaZ1f
60,gKNPx4ldoDslgFdfidhy
61,h5ChpALh0gkK3L0G9ZTU
62,k5cD9tDvdWDysiwIkZfv
63,rTLUEk36lRIgGUCvbs70
64,yxsnygYEEsBHfdBBiu0A
65,VrgQCdMpQvT945folsjQ
66,AyPBdekOZOXk3iIeA0a5
67,nksKxmYjfKTmhki3luFf
68,8YNXamJgYkVyBP7yrcKV
69,vGSNtTRcqeNc5JLv6Yhn
70,bgK7vBrX2lzvhNra8gdM
71,zRYLZLvphCBEwh1rgntU
72,DMldZCjugRftDcSRdHoj
73,hIY66rNffEwlRU0uaDv9
74,ImsTTZufABgWBT34UUel
75,ZJfj8sb6jIkPNDYqAQ3V
76,fzGk8xjpdbjJ9dWRCiod
77,lPGiVImMwa1tcg0SDW4k
78,ua2g7VG3c0RBq8rA2Xgl
79,jqnHZuywWYsr1LXjUJfI
80,Gh1U4SEtpkmkBdKxkAOo
81,2tOlPzBWJo4oSJdrztx9
82,Vukyj1KfFicf4K7se8rN
83,HjkP1vEMTw7fYxVCgdBv
84,5ktxUblLkjY7w2xstGIs
85,qqewEiIT9fjMCs7DllBG
86,7FfjVDIcqZfgH1Af3sfc
87,jlSlVKl13pmjCLZe22bh
88,7Hg9oqFdo5z2ddqQzbsJ
89,F7dbLgAALaUBaEVJWiAF
90,53aflVmVTBFnxt9sPjlK
91,uk17d873i2dDj1aAJ0aS
92,McfVtaTgK7FsKazdbEJz
93,wPhiWjaZWnImNlnPem7l
94,VlUlIOahS0apJZ43TRAj
95,sNZ1eKj0S2kNsyaLTGbX
96,haI4BU8dcFpNq5EOFKyA
97,3ggrMaGOaTftGeHY9j34
98,lfqLcVhlwWmONFkapljB
99,kg955u5FwAiynWtpEy7f
100,dVLpAL8gLsGok91PrJ2l
101,gU6UZwhjRq9tdpDW31hO
102,ABdhpT9jxCoKXWOe5h2L
103,mfKFElynFf7WJl7k8wdL
104,2IZlOkMahShRMLd2ZSy5
105,fpkjVute7pM05w5a1D5G
106,2uaRPURLDEfjhQoes0bs
107,asFBStE2hg5ntyYkdqIu
108,ZjbfDG4L0j7my4GDEXKZ
109,JPL1A2Hye67I8pjBxrkG
110,sJTLVMqMfAs3G48xPnim
111,8w6s5RsPigDzzWUkSSP4
112,zlI66gkZIohCjncJhfvZ
113,zBE1maWjXbfA7FlnbaXn
114,Uu4EklaHGQ7JSdkaww4a
115,1Ag1NbJsjfWa8J2tRtcs
116,hAgC9tW2fs5KgAhtJpfT
117,4aIJfsIgQ3ipkTvIYjZf
118,f3l6hJZufQ8mUAvCZQ4T
119,RnQSTlox8hdc7rmOtqBf
120,y1VEahnjnZQ4n54gRBXp
121,hMjk0hw5dgo7Hz2jfigz
122,f9hkLfsUcldkDjsgX5od
123,dggrzJAmZxj4lvkU6Pgd
124,KVqOtJTktNvLaSeyJagc
125,5Y1OP0suxDlSkkJjF4gT
126,WHBrzhPD8tugCCIsIR9m
127,ORX6R5jpniehttffqMnj
128,h68h7D9tvsQfXHbAadZ4
129,28OmCqD6IofbPHfSssAR
130,iDfWrjNbvjYbehOf2fkB
131,qzfiJN7pbaxGJbpy4rwk
132,jWuab7AnEyGPSHmCydvj
133,HRCgsywW2ggr8uoZMof0
134,LFn8RgSWciAlvsfDhBlg
135,YeecAjP6gW4XEgvEPC7L
136,Ieki5q1XY3j2fcNKV1j1
137,5hea7jfvvkdRarudIcGk
138,F9ahnkdlkDYd7kV9v0l3
139,jVJ2U1kIWaAXB3DOugvd
140,wSgpBKpfbbev6JyL7XA4
141,0aEy1g1p2M6N7mRC4YiR
142,iQksirrEWaBlYtnLgnvh
143,1go0NWYG2bfOjy6lzvdS
144,D29fwy8CcYHa5NhXfJKr
145,4h3hgz0wVbhjzg1J8I74
146,fVgHx4kqsdMHdJPOa5rl
147,elTDSmKmcDKBIgbRAfyX
148,bICvN1Czm8jdqgkRjswx
149,SQFcpySqjzP1ml5gV3sD
150,DXMCcU4ZkLjS5FEvxlfx
151,kMdL1GgIbJDOSkVNG4wi
152,jCj58uUZLnkNdHFoMkTx
153,pex5iPN6k8aattVlZLLh
154,nJtx44laYhwb9XYXBdCa
155,SFFfjm3ffqURvtoGLKL1
156,v959454KWrirFthhfe1f
157,SfFshYB4GfQCnKwP5glj
158,njwhVrzzkeCnfxmmiS0m
159,E3T3ijsQBLOSV7EYvhsa
160,h2IdzlJEXW3fbRdSBs8K
161,iglFGutrJRf6dX0Zli0d
162,dIBwuavcXafh5kWJdglf
163,EHOgcl3I6gQNkt1VGeBb
164,d0kg7cDIXfEf2Hhja3hI
165,l8S2yqoVLFdEBtxcds19
166,wlXgREpMoI16qRrQUo9G
167,xZfpaWwfAdebGmgz3ahM
168,V0D9g3Jsn4d7wqqddbIZ
169,j0YssZikLUxlaG8DUlj1
170,aEZQ8N9v0hdFksAUvdhQ
171,jKfpdtmnFkcDuvkgbsKb
172,O5RDvfXWo3l7ofcmYOZy
173,wp3j0jsSnbNMakwAps0A
174,fBfajfVOEh8mndkddv2k
175,16IdygSuMpduglCamqPc
176,0oUvpjyguV07zcWIiMjB
177,H7Y40k0ihkdxNj9Zt7SS
178,8sanhOgBRRhWZkB0jjg2
179,CgQZl5zNDkg4aDGE2hkQ
180,XdoKPkPxWQrMs8a1juB2
181,hxJ5fXzu6xBgLkaARWpc
182,m4lSQWHcqs3AmTyy6Er5
183,k8k2uufpNceN63fdrHLl
184,zlS7MGTaWaaBrkwZELYy
185,9bsf0fuLSlJj0dUzRIsf
186,GcM4wr6WZBfTMgpyJ870
187,maSoos6q8ATHygUj3HyE
188,eKdllpaoMlHh2GTmhqaq
189,ZtYTjV34obHeoExs56tE
190,RBX1LwvMfDrhkQjdnNn9
191,pzOeygwOa29G554Zmiw5
192,SIdaEGtsUWZXy5hSh5Ad
193,T0cBISRNZSIsyj02xJK5
194,Gfnbj9KLkQpkKki2avkA
195,9agZAp1smFvxdnLEdcBj
196,pHBsyjNhdgjUankKsv0N
197,4g1AovDuUMe5P8hj2Pg9
198,fzzhM6oTJqCPUfRxZpsU
199,v24dHhJbF8MrV8kuj4kx
